﻿Name,Description,Latitude,Longitude,InfoURL,ImageURL
UCSB,A great university located along the California coast! ,34.416929,-119.845991,"https://en.wikipedia.org/wiki/University_of_California,_Santa_Barbara",https://upload.wikimedia.org/wikipedia/commons/thumb/d/de/UCSB_University_Center_and_Storke_Tower.jpg/440px-UCSB_University_Center_and_Storke_Tower.jpg
Las Vegas,The most populous city in the state of Nevada.,36.114647,-115.172813,https://en.wikipedia.org/wiki/Las_Vegas,https://upload.wikimedia.org/wikipedia/commons/thumb/a/a1/Las_Vegas_%28Nevada%2C_USA%29%2C_The_Strip_--_2012_--_6232.jpg/278px-Las_Vegas_%28Nevada%2C_USA%29%2C_The_Strip_--_2012_--_6232.jpg
Los Angeles,The center of the nation’s film and television industry. ,34.052235,-118.243683,https://en.wikipedia.org/wiki/Los_Angeles,https://upload.wikimedia.org/wikipedia/commons/thumb/6/69/Los_Angeles_with_Mount_Baldy.jpg/576px-Los_Angeles_with_Mount_Baldy.jpg
New York City,It comprises 5 boroughs sitting where the Hudson River meets the Atlantic Ocean.,40.73061,-73.935242,https://en.wikipedia.org/wiki/New_York_City,https://upload.wikimedia.org/wikipedia/commons/thumb/2/2b/NYC_Downtown_Manhattan_Skyline_seen_from_Paulus_Hook_2019-12-20_IMG_7347_FRD_%28cropped%29.jpg/566px-NYC_Downtown_Manhattan_Skyline_seen_from_Paulus_Hook_2019-12-20_IMG_7347_FRD_%28cropped%29.jpg
Grand Canyon National Park,Home to the immense Grand Canyon. ,36.056595,-112.125092,https://en.wikipedia.org/wiki/Grand_Canyon,https://upload.wikimedia.org/wikipedia/commons/thumb/3/31/Canyon_River_Tree_%28165872763%29.jpeg/576px-Canyon_River_Tree_%28165872763%29.jpeg
Washington DC,"A compact city on thr Potomac River, bordering the states of Maryland and Virginia",36.056595,-77.050636,"https://en.wikipedia.org/wiki/Washington,_D.C.",https://upload.wikimedia.org/wikipedia/commons/thumb/6/61/Dcskyln1.jpg/536px-Dcskyln1.jpg