﻿Name,Description,Latitude,Longitude,InfoURL,ImageURL
UCSB,A great university located along the California coast!,34.416929,-119.845991,"https://en.wikipedia.org/wiki/University_of_California,_Santa_Barbara",https://web.physics.ucsb.edu/~lecturedemonstrations/
Las Vegas,The most populous city in the state of Nevada.,36.114647,-115.172813,https://en.wikipedia.org/wiki/Las_Vegas,https://images.app.goo.gl/FQEXm846pJpFsurc7
Los Angeles,The center of the nation’s film and television industry. ,34.052235,-118.243683,https://en.wikipedia.org/wiki/Los_Angeles,https://images.app.goo.gl/BUkQxt7DbVRvRfGU6
New York City,It comprises 5 boroughs sitting where the Hudson River meets the Atlantic Ocean.,40.73061,-73.935242,https://en.wikipedia.org/wiki/New_York_City,https://images.app.goo.gl/WeBSfUs6w1G95kxY8
Grand Canyon National Park,Home to the immense Grand Canyon. ,36.056595,-112.125092,https://en.wikipedia.org/wiki/Grand_Canyon,https://images.app.goo.gl/4CzpMktaQRt1pi9c9
Washington DC,"A compact city on thr Potomac River, bordering the states of Maryland and Virginia",38.8997,-77.050636,"https://en.wikipedia.org/wiki/Washington,_D.C.",https://images.app.goo.gl/tjvhYZScvu3BXskJ8